srv,Path,uveerajr,opt
defra01as05k8,C:\IPO\RUPLAN\AFS_DRS_FRA\RUPLAN_AFS_DRS_FRA.cmd,DE-SA-IPO_DE_TASK,NO
defra01as05k8,C:\Program Files\IPO\AD\run.bat,DE-SA-IPO_DE_TASK,NO
defra01as05k8,C:\ipo\MetallPrice\getMetallPricing.bat,ADM163049,NO
defra01as05k8,C:\ipo\MetallPrice\getMetallPricing.bat,veerajSA163049,NO
defra01as05k8,C:\ipo\Ruplan\PD45\Kopieren_AFS_DB_PD45_Auto.cmd,DE-SA-IPO_DE_TASK,NO
defra01as05k8,C:\ipo\treesize\Getspace-CH.bat,ADM163049,NO
defra01as05k8,C:\ipo\treesize\Getspace-CH.bat,veerajSA163049,NO
defra01as05k8,C:\ipo\treesize\Getspace.bat,ADM163049,NO
defra01as05k8,C:\ipo\treesize\Getspace.bat,veerajSA163049,NO
defra01ts10,C:\Uveerajrs\veerajSA163049\AppData\Local\Google\Update\GoogleUpdate.exe,veerajSA163049,NO
defra01ts10,C:\Uveerajrs\veerajSA163049\AppData\Local\Google\Update\GoogleUpdate.exe,veerajSA163049,NO
dfrwodm2,E:\Hyperion\Middleware\uveerajr_projects\epmsystemDM2\bin\Automated_LCM_Export.bat,InstallS,NO
dfrwodv1,C:\Exploit\Scripts\Reboot\CheckveerajrverOnReboot.cmd,GG_Win_Backup_Adm,NO
dfrwore1,C:\Exploit\Scripts\Reboot\CheckveerajrverOnReboot.cmd,GG_Win_Backup_Adm,NO
pbewsql13,C:\Perflogs\perf_start.cmd,Everyone,NO
pcewmdo01,E:\DTR.V1\RUN\DTR_Backup_and_Purge_Backup.bat,veeraj-SG-MOM-DAD-REMOTE-ACCESS,NO
pcewmdo01,E:\DTR.V1\RUN\DTR_Backup_and_Purge_Backup.bat,veeraj-SL-MOM-DAD-REMOTE-ACCESS,NO
pcewmdo01,E:\DTR.V1\RUN\DTR_Backup_and_Purge_Backup.bat,veerajSA120855,NO
pcewmdo01,E:\DTR.V1\RUN\DTR_Backup_and_Purge_Backup.bat,veerajSA139866,NO
pcewmdo01,E:\DTR.V1\RUN\DTR_Backup_and_Purge_Backup.bat,veerajSA27544,NO
pcewmdo01,E:\DTR.V1\RUN\DTR_Backup_and_Purge_Backup.bat,veerajSA27549,NO
pcewmdo01,E:\DTR.V1\RUN\DTR_Backup_and_Purge_Backup.bat,veerajSA3643,NO
pcewmdo01,E:\DTR.V1\RUN\DTR_Backup_and_Purge_Backup.bat,veerajSA40981,NO
pcewmdo01,E:\DTR.V1\RUN\DTR_Backup_and_Purge_Backup.bat,veerajSA48351,NO
pcewmdo01,E:\DTR.V1\RUN\DTR_Backup_and_Purge_Backup.bat,veerajSA60835,NO
pcewmdo01,E:\DTR.V1\RUN\DTR_Backup_and_Purge_Backup.bat,veerajSA7562,NO
pcewmdo01,E:\DTR.V1\RUN\DTR_Backup_and_Purge_Backup.bat,veerajsa42621,NO
pcewrsoftweb01,C:\PerfLogs\transfert.cmd,Everyone,NO
pdewccv4,F:\Tools\Monitoring\checkvob.bat,de002-clearadmin_vob,NO
pdewccv4,F:\Tools\Monitoring\checkvob.bat,de002-sclearadmin,NO
pdewccv4,F:\Tools\Monitoring\dbcheck.bat,de002-clearadmin_vob,NO
pdewccv4,F:\Tools\Monitoring\dbcheck.bat,de002-sclearadmin,NO
pdkwtri01,D:\Netdesign\Kundetilpasninger\cd1_tdl_backup\Back_CD1_TDL.bat,DK-SA-Trio-ADM,NO
pdkwtri01,D:\TE\ProgramData\CC1\cfg\OLAPFrequently.bat,Uveerajrs,NO
pdkwtri01,D:\TE\ProgramData\CC1\cfg\OLAPNightly.bat,Uveerajrs,NO
pdkwtri01,D:\TE\ProgramData\CD1\cfg\UnloadDatabaveeraj.bat,Uveerajrs,NO
pdkwtri01,D:\TE\ProgramData\CommonDataLayer\cfg\BackupTDL.bat,Uveerajrs,NO
pdkwtri01,D:\TE\ProgramFiles\7.0.20\bin\LI\AutoDelete.bat,IUSR,NO
pdkwtri01,D:\TE\ProgramFiles\7.0.20\bin\LI\StatGen.bat,IUSR,NO
pfrwadg1,C:\PerfLogs\transfert.cmd,AuthenticatedUveerajrs,NO
pfrwadg1,C:\Perflogs\perf_start.cmd,AuthenticatedUveerajrs,NO
pfrwbld4,C:\ScheduledBatch\Replication\CopyProjectMngtScheduleAndContent.cmd,FR300-GENPLATF,NO
pfrwbld4,C:\ScheduledBatch\Replication\CopyProjectMngtScheduleAndContent.cmd,FR300-GENPLATF,NO
pfrwbld4,C:\ScheduledBatch\Replication\Soft_Delivery-Global-BA-2.cmd,FR300-GENPLATF,NO
pfrwbld4,C:\ScheduledBatch\Replication\Soft_Delivery-Global-BATest-2.cmd,FR300-GENPLATF,NO
pfrwbld4,C:\ScheduledBatch\Replication\Soft_Delivery-Global-NA-2.cmd,FR300-GENPLATF,NO
pfrwbld4,C:\ScheduledBatch\Replication\Soft_Delivery-Global-SG-2.cmd,FR300-GENPLATF,NO
pfrwbld4,C:\ScheduledBatch\Replication\Soft_Delivery-Global-SH-2.cmd,FR300-GENPLATF,NO
pfrwbld4,C:\ScheduledBatch\Replication\Soft_Delivery-Global-SY-2.cmd,FR300-GENPLATF,NO
pfrwbld4,C:\ScheduledBatch\Replication\Soft_Delivery-Procesveerajxpert-BA-2.cmd,FR300-GENPLATF,NO
pfrwbld4,C:\ScheduledBatch\Replication\Soft_Delivery-Procesveerajxpert-CA-2.cmd,FR300-GENPLATF,NO
pfrwbld4,C:\ScheduledBatch\Replication\Soft_Delivery-UnityPro-BA-2.cmd,FR300-GENPLATF,NO
pfrwbld4,C:\ScheduledBatch\Replication\Soft_Delivery-UnityPro-NA-2.cmd,FR300-GENPLATF,NO
pfrwbld4,C:\ScheduledBatch\Replication\Soft_Delivery-UnityPro-SG-2.cmd,FR300-GENPLATF,NO
pfrwbld4,C:\ScheduledBatch\Replication\Soft_Delivery-UnityPro-SH-2.cmd,FR300-GENPLATF,NO
pfrwbre10,C:\PerfLogs\transfert.cmd,AuthenticatedUveerajrs,NO
pfrwbre10,C:\Perflogs\perf_start.cmd,AuthenticatedUveerajrs,NO
pfrwcam1,C:\PerfLogs\Perfmon Startup Batch file\perf_start.cmd,Everyone,NO
pfrwcam1,C:\PerfLogs\Perfmon Startup Batch file\perf_start.cmd,Everyone,NO
pfrwcam1,D:\Backup_fab\SCRIPTS\PLK2012.CMD,FR301-SG-DATA-BACKUPFAB_C,NO
pfrwcam1,D:\Backup_fab\SCRIPTS\PLK2012S.CMD,FR301-SG-DATA-BACKUPFAB_C,NO
pfrwcam1,D:\Backup_fab\SCRIPTS\PURGE.bat,FR301-SG-DATA-BACKUPFAB_C,NO
pfrwcam1,D:\Donnees_Qualite_Production\ICT_SPC\GENRAD\Scripts\1RENameandtransferlogfile.bat,FR301-SL-DATA-ICT-SPC_C,NO
pfrwcam1,D:\Donnees_Qualite_Production\ICT_SPC\GENRAD\Scripts\1RENameandtransferlogfile.bat,FR301-SL-DATA-ICT-SPC_R,NO
pfrwcam1,D:\Donnees_Qualite_Production\ICT_SPC\GENRAD\Scripts\1RENameandtransferlogfile.bat,veerajSA484517,NO
pfrwcam1,D:\Donnees_Qualite_Production\ICT_SPC\GENRAD\Scripts\2ZIPlogfile.bat,FR301-SL-DATA-ICT-SPC_C,NO
pfrwcam1,D:\Donnees_Qualite_Production\ICT_SPC\GENRAD\Scripts\2ZIPlogfile.bat,FR301-SL-DATA-ICT-SPC_R,NO
pfrwcam1,D:\Donnees_Qualite_Production\ICT_SPC\GENRAD\Scripts\2ZIPlogfile.bat,veerajSA484517,NO
pfrwcam1,D:\Donnees_Qualite_Production\ICT_SPC\GENRAD\Scripts\3DELlogfile.bat,FR301-SL-DATA-ICT-SPC_C,NO
pfrwcam1,D:\Donnees_Qualite_Production\ICT_SPC\GENRAD\Scripts\3DELlogfile.bat,FR301-SL-DATA-ICT-SPC_R,NO
pfrwcam1,D:\Donnees_Qualite_Production\ICT_SPC\GENRAD\Scripts\3DELlogfile.bat,veerajSA484517,NO
pfrwcam1,d:\backup_fab\SCRIPTS\LASQUAN.CMD,FR301-SG-DATA-BACKUPFAB_C,NO
pfrwcam1,d:\backup_fab\SCRIPTS\LFLEXDI.CMD,FR301-SG-DATA-BACKUPFAB_C,NO
pfrwcam1,d:\backup_fab\scripts\SPEAMIRA.CMD,FR301-SG-DATA-BACKUPFAB_C,NO
pfrwcpr35,C:\PerfLogs\transfert.cmd,AuthenticatedUveerajrs,NO
pfrwcpr35,C:\Perflogs\perf_start.cmd,AuthenticatedUveerajrs,NO
pfrwctin2,D:\statfr\statfr_daily.bat,Uveerajrs,NO
pfrwdbv2,D:\Tools\Batch\Start_SQL2008R2.bat,GB051-clearadmin_vob,NO
pfrwdbv2,D:\Tools\Batch\Stop_SQL2008R2.bat,GB051-clearadmin_vob,NO
pfrwjum14,D:\EDITIQUE\OUTILS OMS\OMSPANEL\New OMSPANEL2 au 27 01 2014\omsPanel2.exe,veerajsa107024,NO
pfrwjum14,D:\EDITIQUE\OUTILS OMS\OMSPANEL\New OMSPANEL2 au 27 01 2014\omsPanel2.exe,veerajsa107024,NO
pfrwjum15,D:\EDITIQUE\OMSPANEL\New OMSPANEL2 au 27 01 2014\omsPanel2.exe,veerajSA107386,NO
pfrwjum15,D:\EDITIQUE\OMSPANEL\New OMSPANEL2 au 27 01 2014\omsPanel2.exe,veerajSA107386,NO
pfrwjum40,D:\@SGV2\BatchFiles\Bin\BatchSGV2.exe,Uveerajrs,NO
pfrwjum5,D:\CCECH\003-WBI\veeraj43\WebSphereICS\bin\cwveerajrvice.exe,veerajSA107145,NO
pfrwjum5,D:\CCECH\003-WBI\veeraj43\WebSphereICS\bin\cwveerajrvice.exe,veerajSA27161,NO
pfrwjum5,D:\CCECH\003-WBI\veeraj43\WebSphereICS\bin\cwveerajrvice.exe,veerajSA515581,NO
pfrwjum5,D:\CCECH\003-WBI\veeraj43\WebSphereICS\bin\cwveerajrvice.exe,veerajSA544853,NO
pfrwjum5,D:\CCECH\003-WBI\veeraj43\WebSphereICS\bin\cwveerajrvice.exe,veerajSA606468,NO
pfrwktp21,C:\PerfLogs\transfert.cmd,AuthenticatedUveerajrs,NO
pfrwktp21,C:\Perflogs\perf_start.cmd,AuthenticatedUveerajrs,NO
pfrwoes1,C:\Exploit\Scripts\Reboot\CheckveerajrverOnReboot.cmd,GG_Win_Backup_Adm,NO
pfrwoes2,C:\Exploit\Scripts\Reboot\CheckveerajrverOnReboot.cmd,GG_Win_Backup_Adm,NO
pfrwoes3,C:\Exploit\Scripts\Reboot\CheckveerajrverOnReboot.cmd,GG_Win_Backup_Adm,NO
pfrwoes4,C:\Exploit\Scripts\Reboot\CheckveerajrverOnReboot.cmd,GG_Win_Backup_Adm,NO
pfrwopr1,C:\Exploit\Scripts\Reboot\CheckveerajrverOnReboot.cmd,GG_Win_Backup_Adm,NO
pfrwots2,E:\Hyperion\Middleware\wlveerajrver_10.3\common\bin\healthState.cmd,InstallS,NO
pfrwqli2,D:\QlikView\_COMMUN\QV_Scripts\QV_Restart_veerajrvices.bat,GRP_COMMUN,NO
pfrwqli2,D:\QlikView\_COMMUN\QV_Scripts\QV_Restart_veerajrvices.bat,GRP_DWH_CDS,NO
pfrwqli2,D:\QlikView\_COMMUN\QV_Scripts\QV_Restart_veerajrvices.bat,GRP_MILLAU_NEW_REPORTS,NO
pfrwqli3,D:\QlikView\_COMMUN\QV_Scripts\QV_Restart_veerajrvices.bat,GRP_COMMUN,NO
pfrwsqu2,C:\PerfLogs\transfert.cmd,AuthenticatedUveerajrs,NO
pfrwsqu2,C:\Perflogs\perf_start.cmd,AuthenticatedUveerajrs,NO
pfrwvbc1,C:\PerfLogs\transfert.cmd,AuthenticatedUveerajrs,NO
pfrwvbc1,C:\Perflogs\perf_start.cmd,AuthenticatedUveerajrs,NO
pfrwwmi10,C:\PerfLogs\transfert.cmd,AuthenticatedUveerajrs,NO
pfrwwmi10,C:\Perflogs\perf_start.cmd,AuthenticatedUveerajrs,NO
pitwnic01,D:\Atomos\Backup\BackupDB.bat,AuthenticatedUveerajrs,NO
pitwnic01,D:\Atomos\Nicim\Nicim.exe,AuthenticatedUveerajrs,NO
pitwnic01,D:\Topgraf\TTShutdown-Global.cmd,AuthenticatedUveerajrs,NO
pitwsto03,D:\StockSys\BackupTrasferimenti\BackupTrasferimenti.bat,AuthenticatedUveerajrs,NO
pitwsto03,D:\StockSys\IdocExchanger.bat,AuthenticatedUveerajrs,NO
plvwisc4,C:\iNtraFive\_jobs\lexel\dpmo_data_reading_calculation.cmd,iNtraFive,NO
plvwisc4,C:\iNtraFive\_jobs\lexel\dpmo_sync_uveerajrs.cmd,iNtraFive,NO
plvwisc4,C:\iNtraFive\_jobs\lexel\lexpro_clear_old_xml.cmd,iNtraFive,NO
plvwisc4,C:\iNtraFive\_jobs\lexel\veerajre_esmi_data_read.cmd,iNtraFive,NO
plvwisc4,C:\iNtraFive\_jobs\lexel\veerajre_reminder.cmd,iNtraFive,NO
plvwisc4,C:\iNtraFive\_jobs\lexel\veerajre_visitor_answers.cmd,iNtraFive,NO
prgra-fs01,C:\PROGRA~1\ECOSTR~1\190~1.31\bin\backup.bat,NETWORKveerajRVICE,NO
pveerajwwveeraj1,D:\WinveerajrvII_R2\Databaveerajs\Data\XML\BASICDATA\SPLIT\StartSplit.cmd,Uveerajrs,NO
pveerajwwveeraj1,D:\WinveerajrvII_R2\Databaveerajs\Data_Test\XML\BASICDATA\SPLIT\StartSplit.cmd,Uveerajrs,NO
pveerajwwveeraj3,C:\Uveerajrs\veerajsc\AppData\Local\Google\Update\GoogleUpdate.exe,veerajSA211413,NO
pveerajwwveeraj3,C:\Uveerajrs\veerajsc\AppData\Local\Google\Update\GoogleUpdate.exe,veerajSA211413,NO
pveeraj40101rad,D:\NPS\Scripts\ConfArchives.vbs,veerajSA34640,NO
pveeraj40101rad,D:\NPS\Scripts\archives.vbs,veerajSA34640,NO
pveeraj40101rad,D:\NPS\Scripts\publishNPSv2 to veeraj DC - Pveeraj40002RAD.vbs,veerajSA34640,NO
qcewrsoftcit03,C:\PerfLogs\transfert.cmd,Everyone,NO
qfrwccv6,C:\Nagwin_x64\bin\manage_naglogs.bat,SvcNagwin,NO
qfrwccv6,C:\Uveerajrs\veerajSA258794\AppData\Local\Google\Update\GoogleUpdate.exe,veerajSA258794,NO
qfrwccv6,C:\Uveerajrs\veerajSA258794\AppData\Local\Google\Update\GoogleUpdate.exe,veerajSA258794,NO
qfrwcti2,C:\PerfLogs\transfert.cmd,Everyone,NO
qfrwqli1,D:\QlikView\_COMMUN\QV_Scripts\QV_Restart_veerajrvices.bat,GRP_COMMUN,NO
qfrwqli1,D:\QlikView\_COMMUN\QV_Scripts\QV_Restart_veerajrvices.bat,GRP_MILLAU_NEW_REPORTS,NO
qfrwqli1,c:\cmdb\syncdata.cmd,DomainUveerajrs,NO
qfrwqli1,c:\cmdb\syncdata.cmd,DomainUveerajrs,NO
qfrwsqu1,C:\PerfLogs\transfert.cmd,Everyone,NO
qfrwsqu1,C:\Perflogs\perf_start.cmd,Everyone,NO
qitwnic01,D:\Atomos\Backup\BackupDB.bat,Everyone,NO
qitwsto03,D:\StockSys\BackupTrasferimenti\BackupTrasferimenti.bat,AuthenticatedUveerajrs,NO
qitwsto03,D:\StockSys\IdocExchanger.bat,AuthenticatedUveerajrs,NO
sunipd054,C:\Applicativi\IDEA\SyncroDatabaveeraj_shanghai.bat,veerajSA187272,NO
sunipd054,C:\Applicativi\IDEA\SyncroDatabaveeraj_shanghai.bat,veerajSA187274,NO
sunipd054,C:\Applicativi\IDEA\SyncroDatabaveeraj_shanghai.bat,veerajSA187276,NO
sunipd054,C:\Applicativi\IDEA\SyncroDatabaveeraj_shanghai.bat,veerajSA187277,NO
sunipd054,C:\Applicativi\IDEA\SyncroDatabaveeraj_stLouis.bat,veerajSA187272,NO
sunipd054,C:\Applicativi\IDEA\SyncroDatabaveeraj_stLouis.bat,veerajSA187274,NO
sunipd054,C:\Applicativi\IDEA\SyncroDatabaveeraj_stLouis.bat,veerajSA187276,NO
sunipd054,C:\Applicativi\IDEA\SyncroDatabaveeraj_stLouis.bat,veerajSA187277,NO
sunipd054,C:\Applicativi\IDEA\SyncroLibreria_shanghai.bat,veerajSA187272,NO
sunipd054,C:\Applicativi\IDEA\SyncroLibreria_shanghai.bat,veerajSA187274,NO
sunipd054,C:\Applicativi\IDEA\SyncroLibreria_shanghai.bat,veerajSA187276,NO
sunipd054,C:\Applicativi\IDEA\SyncroLibreria_shanghai.bat,veerajSA187277,NO
sunipd054,C:\Applicativi\IDEA\SyncroLibreria_stLouis.bat,veerajSA187272,NO
sunipd054,C:\Applicativi\IDEA\SyncroLibreria_stLouis.bat,veerajSA187274,NO
sunipd054,C:\Applicativi\IDEA\SyncroLibreria_stLouis.bat,veerajSA187276,NO
sunipd054,C:\Applicativi\IDEA\SyncroLibreria_stLouis.bat,veerajSA187277,NO
sunipd054,C:\Applicativi\Restart_FLEXlm_Licenveeraj_Manager\restart_veerajrvice_FLEXlm_Licenveeraj_Manager.bat,veerajSA187272,NO
sunipd054,C:\Applicativi\Restart_FLEXlm_Licenveeraj_Manager\restart_veerajrvice_FLEXlm_Licenveeraj_Manager.bat,veerajSA187274,NO
sunipd054,C:\Applicativi\Restart_FLEXlm_Licenveeraj_Manager\restart_veerajrvice_FLEXlm_Licenveeraj_Manager.bat,veerajSA187276,NO
sunipd054,C:\Applicativi\Restart_FLEXlm_Licenveeraj_Manager\restart_veerajrvice_FLEXlm_Licenveeraj_Manager.bat,veerajSA187277,NO
sunipd054,C:\Applicativi\SolidEdge\SyncroSolidEdgeFiles_shanghai.bat,veerajSA187272,NO
sunipd054,C:\Applicativi\SolidEdge\SyncroSolidEdgeFiles_shanghai.bat,veerajSA187274,NO
sunipd054,C:\Applicativi\SolidEdge\SyncroSolidEdgeFiles_shanghai.bat,veerajSA187276,NO
sunipd054,C:\Applicativi\SolidEdge\SyncroSolidEdgeFiles_shanghai.bat,veerajSA187277,NO
sunipd054,C:\Applicativi\SolidEdge\SyncroSolidEdgeFiles_stLouis.bat,veerajSA187272,NO
sunipd054,C:\Applicativi\SolidEdge\SyncroSolidEdgeFiles_stLouis.bat,veerajSA187274,NO
sunipd054,C:\Applicativi\SolidEdge\SyncroSolidEdgeFiles_stLouis.bat,veerajSA187276,NO
sunipd054,C:\Applicativi\SolidEdge\SyncroSolidEdgeFiles_stLouis.bat,veerajSA187277,NO
sunipd054,C:\_\check_hd_free_space\check_hd_free_space_WIN2008.bat,AuthenticatedUveerajrs,NO
sunipd055,C:\Applicativi\CheckCIMApplicate\CheckCIMApplicate.exe,NETWORKveerajRVICE,NO
sunipd055,C:\Applicativi\CheckCIMApplicate\CheckCIMApplicate.exe,veerajSA187272,NO
sunipd055,C:\Applicativi\CheckCIMApplicate\CheckCIMApplicate.exe,veerajSA187276,NO
sunipd055,C:\Applicativi\CheckCIMApplicate\CheckCIMApplicate.exe,veerajSA187277,NO
sunipd055,C:\Applicativi\CheckSyncArticoliPLMAS400\CheckSyncPLMAS400.exe,NETWORKveerajRVICE,NO
sunipd055,C:\Applicativi\CheckSyncArticoliPLMAS400\CheckSyncPLMAS400.exe,veerajSA187272,NO
sunipd055,C:\Applicativi\CheckSyncArticoliPLMAS400\CheckSyncPLMAS400.exe,veerajSA187276,NO
sunipd055,C:\Applicativi\CheckSyncArticoliPLMAS400\CheckSyncPLMAS400.exe,veerajSA187277,NO
sunipd055,C:\Applicativi\PLMETOExportProjectToExcel\PLMETOExportProjectToExcel.exe,NETWORKveerajRVICE,NO
sunipd055,C:\Applicativi\PLMETOExportProjectToExcel\PLMETOExportProjectToExcel.exe,veerajSA187272,NO
sunipd055,C:\Applicativi\PLMETOExportProjectToExcel\PLMETOExportProjectToExcel.exe,veerajSA187276,NO
sunipd055,C:\Applicativi\PLMETOExportProjectToExcel\PLMETOExportProjectToExcel.exe,veerajSA187277,NO
sunipd055,C:\Applicativi\PLMProfileScript\EliminaFileLogCadtec.bat,NETWORKveerajRVICE,NO
sunipd055,C:\Applicativi\PLMProfileScript\EliminaFileLogCadtec.bat,veerajSA187272,NO
sunipd055,C:\Applicativi\PLMProfileScript\EliminaFileLogCadtec.bat,veerajSA187276,NO
sunipd055,C:\Applicativi\PLMProfileScript\EliminaFileLogCadtec.bat,veerajSA187277,NO
sunipd055,C:\Applicativi\PLMProfileScript\Pulizia_pdmvault.bat,NETWORKveerajRVICE,NO
sunipd055,C:\Applicativi\PLMProfileScript\Pulizia_pdmvault.bat,veerajSA187272,NO
sunipd055,C:\Applicativi\PLMProfileScript\Pulizia_pdmvault.bat,veerajSA187276,NO
sunipd055,C:\Applicativi\PLMProfileScript\Pulizia_pdmvault.bat,veerajSA187277,NO
sunipd055,C:\Applicativi\SHANGHAI\CopyFile_PLMCustomsFileInShanghai.bat,NETWORKveerajRVICE,NO
sunipd055,C:\Applicativi\SHANGHAI\CopyFile_PLMCustomsFileInShanghai.bat,veerajSA187272,NO
sunipd055,C:\Applicativi\SHANGHAI\CopyFile_PLMCustomsFileInShanghai.bat,veerajSA187276,NO
sunipd055,C:\Applicativi\SHANGHAI\CopyFile_PLMCustomsFileInShanghai.bat,veerajSA187277,NO
sunipd055,C:\Applicativi\STLOUIS\CopyFile_PLMCustomsFileInStLouis.bat,NETWORKveerajRVICE,NO
sunipd055,C:\Applicativi\STLOUIS\CopyFile_PLMCustomsFileInStLouis.bat,veerajSA187272,NO
sunipd055,C:\Applicativi\STLOUIS\CopyFile_PLMCustomsFileInStLouis.bat,veerajSA187276,NO
sunipd055,C:\Applicativi\STLOUIS\CopyFile_PLMCustomsFileInStLouis.bat,veerajSA187277,NO
tfrwqli1,D:\QlikView\_COMMUN\QV_Scripts\QV_Restart_veerajrvices.bat,DPM,NO
usinelppa1,C:\PerfLogs\transfert.cmd,AuthenticatedUveerajrs,NO
usinelppa1,C:\Perflogs\perf_start.cmd,AuthenticatedUveerajrs,NO
wapl00219,C:\inetpub\veeraj_OfferTool\veerajrvice\test.bat,IIS_IUSRS,NO
waro00103,C:\Uveerajrs\veerajsa287279\Desktop\SQL\veerajtup.exe,veerajSA287279,NO
waru07721,D:\DATA\ADMINIT\DRP\Export_all.vbs,ADM53222,NO
waru07721,D:\DATA\ADMINIT\DRP\Export_all.vbs,RU077-SG-TEAM-MSKAdmins,NO
waru07721,D:\DATA\ADMINIT\DRP\Export_all.vbs,RU077-SL-DATA-WARU00721_DATA_C,NO
waru07721,G:\Consultant\Update.bat,ADM471427,NO
waru07721,G:\Consultant\Update.bat,Everyone,NO
waru07721,G:\Consultant\Update.bat,RU-SG-TEAM-Russian_uveerajrs,NO
waru07721,G:\Consultant\Update.bat,veerajSA138964,NO
waru07721,G:\Consultant\Update.bat,veerajSA395377,NO
veeraj40002jmpveeraj,C:\Uveerajrs\veerajSA531977\AppData\Local\Microsoft\EdgeUpdate\MicrosoftEdgeUpdate.exe,veerajSA531977,NO
veeraj40002jmpveeraj,C:\Uveerajrs\veerajSA531977\AppData\Local\Microsoft\EdgeUpdate\MicrosoftEdgeUpdate.exe,veerajSA531977,NO
veeraj40002jmpveeraj,C:\Uveerajrs\veerajSA568495\AppData\Local\Microsoft\EdgeUpdate\MicrosoftEdgeUpdate.exe,veerajSA568495,NO
veeraj40002jmpveeraj,C:\Uveerajrs\veerajSA568495\AppData\Local\Microsoft\EdgeUpdate\MicrosoftEdgeUpdate.exe,veerajSA568495,NO
veeraj40022jmpveeraj,D:\veeraj,Uveerajrs,NO
veeraj40027jmpveeraj,D:\veeraj\Tools\Q-Dir\Q-Dir.exe,ADM407271,NO
veeraj40031jmpveeraj,D:\veeraj,Uveerajrs,NO
pdewasi1,E:\Technische_Doku\040_Administration\Manual_DB\Aktuell\BackupAnleitungsDB.bat,DE-SL-DATA-PDEWASI1-Technische_Doku-C,NO
pdewasi1,E:\Technische_Doku\040_Administration\Manual_DB\Aktuell\BackupAnleitungsDB.bat,DE-SL-DATA-PDEWASI1-Technische_Doku-C,NO
pdewasi1,E:\Technische_Doku\040_Administration\Manual_DB\Aktuell\BackupAnleitungsDB.bat,veeraj-SU-TEAM-PDEWASI1,NO
pdewasi1,E:\Technische_Doku\040_Administration\Manual_DB\Aktuell\BackupAnleitungsDB.bat,veeraj-SU-TEAM-PDEWASI1,NO
pdewasi1,E:\Technische_Doku\040_Administration\Manual_DB\Aktuell\BackupAnleitungsDB.bat,IN0069B8,NO
pdewasi1,E:\Technische_Doku\040_Administration\Manual_DB\Aktuell\BackupAnleitungsDB.bat,IN0069B8,NO
pdewasi1,E:\Technische_Doku\040_Administration\Manual_DB\Aktuell\BackupAnleitungsDB.bat,veerajSA110752,NO
pdewasi1,E:\Technische_Doku\040_Administration\Manual_DB\Aktuell\BackupAnleitungsDB.bat,veerajSA110752,NO
pdewasi1,E:\Technische_Doku\040_Administration\Manual_DB\Aktuell\BackupAnleitungsDB.bat,veerajSA110785,NO
pdewasi1,E:\Technische_Doku\040_Administration\Manual_DB\Aktuell\BackupAnleitungsDB.bat,veerajSA110785,NO
pdewasi1,E:\Technische_Doku\040_Administration\Manual_DB\Aktuell\BackupAnleitungsDB.bat,veerajSA111167,NO
pdewasi1,E:\Technische_Doku\040_Administration\Manual_DB\Aktuell\BackupAnleitungsDB.bat,veerajSA111167,NO
pdewasi1,E:\Technische_Doku\040_Administration\Manual_DB\Aktuell\BackupAnleitungsDB.bat,veerajSA384119,NO
pdewasi1,E:\Technische_Doku\040_Administration\Manual_DB\Aktuell\BackupAnleitungsDB.bat,veerajSA384119,NO
pdewasi1,E:\Technische_Doku\040_Administration\Manual_DB\Aktuell\BackupAnleitungsDB.bat,veerajSA384120,NO
pdewasi1,E:\Technische_Doku\040_Administration\Manual_DB\Aktuell\BackupAnleitungsDB.bat,veerajSA384120,NO
pdewasi1,E:\Technische_Doku\040_Administration\Manual_DB\Aktuell\BackupAnleitungsDB.bat,veerajSA384122,NO
pdewasi1,E:\Technische_Doku\040_Administration\Manual_DB\Aktuell\BackupAnleitungsDB.bat,veerajSA384122,NO
pdewasi1,E:\Technische_Doku\040_Administration\Manual_DB\Aktuell\BackupAnleitungsDB.bat,veerajSA384123,NO
pdewasi1,E:\Technische_Doku\040_Administration\Manual_DB\Aktuell\BackupAnleitungsDB.bat,veerajSA384123,NO
pdewasi1,E:\Technische_Doku\040_Administration\Manual_DB\Aktuell\BackupAnleitungsDB.bat,veerajSA384124,NO
pdewasi1,E:\Technische_Doku\040_Administration\Manual_DB\Aktuell\BackupAnleitungsDB.bat,veerajSA384124,NO
pdewasi1,E:\Technische_Doku\040_Administration\Manual_DB\Aktuell\BackupAnleitungsDB.bat,veerajSA477242,NO
pdewasi1,E:\Technische_Doku\040_Administration\Manual_DB\Aktuell\BackupAnleitungsDB.bat,veerajSA477242,NO
pdewasi1,E:\Technische_Doku\040_Administration\Manual_DB\Aktuell\BackupAnleitungsDB.bat,veerajSA72048,NO
pdewasi1,E:\Technische_Doku\040_Administration\Manual_DB\Aktuell\BackupAnleitungsDB.bat,veerajSA72048,NO
pdewbum1,C:\cmdb\syncdata.cmd,None,NO
pitwccw01,D:\HRPUSH\Batch\invio_pres.cmd,Uveerajrs,NO
pitwccw01,D:\HRPUSH\Batch\moveold.bat,Uveerajrs,NO
pitwmet01,D:\ScriptFTP-veerajII\ScriptFIles\FTP-Pull-II.cmd,Uveerajrs,NO
pitwmet01,D:\ScriptFTP-veerajI\ScriptFIles\FTP-Pull.cmd,Uveerajrs,NO
pnoweas5,D:\MSSQL\scheduled_jobs\SQLCMD.EXE,Uveerajrs,NO
pnoweas5,D:\MSSQL\scheduled_jobs\SQLCMD.EXE,Uveerajrs,NO
pnoweas5,D:\websites\elko\plast\report.bat,IIS_IUSRS,NO
pnoweas5,D:\websites\elko\plast\report.bat,veerajSA157450,NO
pveerajwmed1,D:\Medius\MediusFlowFiles\PROD\Config\IntegrationConfig\EDI\EDIFACT\renameEDIFACT.bat,veeraj-SA-MEDIUSFLOW,NO
pveerajwmed1,D:\Medius\MediusFlowFiles\QA\Config\IntegrationConfig\EDI\EDIFACT\renameEDIFACT.bat,veeraj-SA-MEDIUSFLOW,NO
pveerajwmed1,D:\Medius\Restart Backend\restart.bat,veeraj-SA-MEDIUSFLOW,NO
pveerajwnav4,D:\Myyntilaskut\itellaBAT.bat,Everyone,NO
pveerajwnav4,D:\Myyntilaskut\itellaBAT.bat,Uveerajrs,NO
pveerajwnav5,C:\JetReports\Jetreports\Copy_Daily_swe.bat,veeraj-GG-APPL-TAC-NAV-veeraj-JetReports,NO
wabg00101,D:\www-info\www\htdocs\prodat\index.php,BG-SA-AdminBG,NO
wabg00101,D:\www-info\www\htdocs\sap\modules\debora\debora_reports.php,BG-SA-AdminBG,NO
wabg00101,D:\www-info\www\htdocs\sap\modules\tables\pricelist.php,BG-SA-AdminBG,NO
wail00108,C:\Program Files (x86)\SPS\1Spooler.bat,Everyone,NO
wail00108,C:\Program Files (x86)\SPS\1Spooler.bat,Uveerajrs,NO
wail00108,C:\Program Files (x86)\SPS\restart_scan_proc.bat,Everyone,NO
wail00108,C:\Program Files (x86)\SPS\restart_scan_proc.bat,Uveerajrs,NO
wail00113,D:\BenaritPRO\Bnveerajrv\util\\bnrbackup.exe,AuthenticatedUveerajrs,NO
wail00113,D:\BenaritPRO\Bnveerajrv\util\\bnrbackup.exe,Uveerajrs,NO
wait01801,Z:\ScanviewScript\Script\Tis_info\LoadScanview.exe,Everyone,NO
wait01801,Z:\ScanviewScript\Script\Tis_info\LoadScanview.exe,Everyone,NO
wait01801,Z:\ScanviewScript\Script\Tis_info\LoadScanview.exe,Uveerajrs,NO
wait01801,Z:\ScanviewScript\Script\Tis_info\LoadScanview.exe,Uveerajrs,NO
waru07740,D:\BOSS_exchange\Plan_leave_AO\nProc.exe,veerajSA498652,NO
waru07740,D:\BOSS_exchange\Plan_leave_AO\nProc.exe,uveerajrLVL_task,NO
veeraj40124jmpveeraj,d:\wi.bat,veeraj-SG-TEAM-WorkplaceADLvl2,NO
wsat00108,C:\Drive_D\Daten\DBM_Data\DBM-Programm\Kondupd_20.exe,DBM_Data_W,NO
wsat00108,C:\Drive_D\Daten\DBM_Data\DBM-Programm\Kondupd_20.exe,DBM_Programm_W,NO
wveerajs00101prndb,C:\Programme\WELP\PJ_Notify.exe,AuthenticatedUveerajrs,NO
wveerajs00101prndb,C:\Programme\WELP\PJ_Notify.exe,Uveerajrs,NO
wsfr00001evol,C:\iPerflex\v8\Scripts\visites\Demandveeraj.cmd,AuthenticatedUveerajrs,NO
wsfr00001evol,C:\iPerflex\v8\Scripts\visites\Demandveeraj.cmd,Uveerajrs,NO
wsfr00101sql,D:\EIS\ECAD\Replication\pspice_lib_replication.bat,ADW_Admin,NO
wsfr00101sql,D:\EIS\ECAD\Replication\pspice_lib_replication.bat,VALOR_Admin,NO
wsfr00101sql,D:\EIS\ECAD\Replication\valor_install_replication.bat,ADW_Admin,NO
wsfr00101sql,D:\EIS\ECAD\Replication\valor_install_replication.bat,VALOR_Admin,NO
wsfr00101sql,D:\EIS\ECAD\Replication\valor_site_replication.bat,ADW_Admin,NO
wsfr00101sql,D:\EIS\ECAD\Replication\valor_site_replication.bat,VALOR_Admin,NO
wsfr00101sql,D:\EIS\ECAD\Replication\valor_site_test_replication.bat,ADW_Admin,NO
wsfr00101sql,D:\EIS\ECAD\Replication\valor_site_test_replication.bat,VALOR_Admin,NO
wsfr00102sql,D:\EIS\ECAD\Replication_174\D\edm_conf_root_replication.bat,ADW_Admin,NO
wsfr00102sql,D:\EIS\ECAD\Replication_174\D\edm_conf_root_replication.bat,VALOR_Admin,NO
wsfr00102sql,D:\EIS\ECAD\Replication_174\D\edm_conf_test_replication.bat,ADW_Admin,NO
wsfr00102sql,D:\EIS\ECAD\Replication_174\D\edm_conf_test_replication.bat,VALOR_Admin,NO
wsfr00102sql,D:\EIS\ECAD\Replication_174\D\edm_install_replication.bat,ADW_Admin,NO
wsfr00102sql,D:\EIS\ECAD\Replication_174\D\edm_install_replication.bat,VALOR_Admin,NO
wsfr00102sql,D:\EIS\ECAD\Replication_174\D\edm_lib_replication.bat,ADW_Admin,NO
wsfr00102sql,D:\EIS\ECAD\Replication_174\D\edm_lib_replication.bat,VALOR_Admin,NO
wsfr00102sql,D:\EIS\ECAD\Replication_174\D\other_lib_replication.bat,ADW_Admin,NO
wsfr00102sql,D:\EIS\ECAD\Replication_174\D\other_lib_replication.bat,VALOR_Admin,NO
wsfr00102sql,D:\EIS\ECAD\Replication_174\D\valor_install_replication.bat,ADW_Admin,NO
wsfr00102sql,D:\EIS\ECAD\Replication_174\D\valor_install_replication.bat,VALOR_Admin,NO
wsfr00102sql,D:\EIS\ECAD\Replication_174\D\valor_site_replication.bat,ADW_Admin,NO
wsfr00102sql,D:\EIS\ECAD\Replication_174\D\valor_site_replication.bat,VALOR_Admin,NO
wsfr00102sql,D:\EIS\ECAD\Replication_174\D\valor_site_test_replication.bat,ADW_Admin,NO
wsfr00102sql,D:\EIS\ECAD\Replication_174\D\valor_site_test_replication.bat,VALOR_Admin,NO
wsfr2712001adw,E:\EIS\ECAD\Replication_174\E\edm_conf_root_replication.bat,ADW_Admin,NO
wsfr2712001adw,E:\EIS\ECAD\Replication_174\E\edm_conf_root_replication.bat,VALOR_Admin,NO
wsfr2712001adw,E:\EIS\ECAD\Replication_174\E\edm_conf_test_replication.bat,ADW_Admin,NO
wsfr2712001adw,E:\EIS\ECAD\Replication_174\E\edm_conf_test_replication.bat,VALOR_Admin,NO
wsfr2712001adw,E:\EIS\ECAD\Replication_174\E\edm_install_replication.bat,ADW_Admin,NO
wsfr2712001adw,E:\EIS\ECAD\Replication_174\E\edm_install_replication.bat,VALOR_Admin,NO
wsfr2712001adw,E:\EIS\ECAD\Replication_174\E\edm_lib_replication.bat,ADW_Admin,NO
wsfr2712001adw,E:\EIS\ECAD\Replication_174\E\edm_lib_replication.bat,VALOR_Admin,NO
wsfr2712001adw,E:\EIS\ECAD\Replication_174\E\other_lib_replication.bat,ADW_Admin,NO
wsfr2712001adw,E:\EIS\ECAD\Replication_174\E\other_lib_replication.bat,VALOR_Admin,NO
wsfr2712001adw,E:\EIS\ECAD\Replication_174\E\valor_install_replication.bat,ADW_Admin,NO
wsfr2712001adw,E:\EIS\ECAD\Replication_174\E\valor_install_replication.bat,VALOR_Admin,NO
wsfr2712001adw,E:\EIS\ECAD\Replication_174\E\valor_site_replication.bat,ADW_Admin,NO
wsfr2712001adw,E:\EIS\ECAD\Replication_174\E\valor_site_replication.bat,VALOR_Admin,NO
wsfr2712001adw,E:\EIS\ECAD\Replication_174\E\valor_site_test_replication.bat,ADW_Admin,NO
wsfr2712001adw,E:\EIS\ECAD\Replication_174\E\valor_site_test_replication.bat,VALOR_Admin,NO
wsfr3805001adw,E:\EIS\ECAD\Replication_174\E\edm_conf_root_replication.bat,ADW_Admin,NO
wsfr3805001adw,E:\EIS\ECAD\Replication_174\E\edm_conf_root_replication.bat,Uveerajrs,NO
wsfr3805001adw,E:\EIS\ECAD\Replication_174\E\edm_conf_root_replication.bat,VALOR_Admin,NO
wsfr3805001adw,E:\EIS\ECAD\Replication_174\E\edm_conf_test_replication.bat,ADW_Admin,NO
wsfr3805001adw,E:\EIS\ECAD\Replication_174\E\edm_conf_test_replication.bat,Uveerajrs,NO
wsfr3805001adw,E:\EIS\ECAD\Replication_174\E\edm_conf_test_replication.bat,VALOR_Admin,NO
wsfr3805001adw,E:\EIS\ECAD\Replication_174\E\edm_install_replication.bat,ADW_Admin,NO
wsfr3805001adw,E:\EIS\ECAD\Replication_174\E\edm_install_replication.bat,Uveerajrs,NO
wsfr3805001adw,E:\EIS\ECAD\Replication_174\E\edm_install_replication.bat,VALOR_Admin,NO
wsfr3805001adw,E:\EIS\ECAD\Replication_174\E\edm_lib_replication.bat,ADW_Admin,NO
wsfr3805001adw,E:\EIS\ECAD\Replication_174\E\edm_lib_replication.bat,Uveerajrs,NO
wsfr3805001adw,E:\EIS\ECAD\Replication_174\E\edm_lib_replication.bat,VALOR_Admin,NO
wsfr3805001adw,E:\EIS\ECAD\Replication_174\E\other_lib_replication.bat,ADW_Admin,NO
wsfr3805001adw,E:\EIS\ECAD\Replication_174\E\other_lib_replication.bat,Uveerajrs,NO
wsfr3805001adw,E:\EIS\ECAD\Replication_174\E\other_lib_replication.bat,VALOR_Admin,NO
wsfr3805001adw,E:\EIS\ECAD\Replication_174\E\valor_install_replication.bat,ADW_Admin,NO
wsfr3805001adw,E:\EIS\ECAD\Replication_174\E\valor_install_replication.bat,Uveerajrs,NO
wsfr3805001adw,E:\EIS\ECAD\Replication_174\E\valor_install_replication.bat,VALOR_Admin,NO
wsfr3805001adw,E:\EIS\ECAD\Replication_174\E\valor_site_replication.bat,ADW_Admin,NO
wsfr3805001adw,E:\EIS\ECAD\Replication_174\E\valor_site_replication.bat,Uveerajrs,NO
wsfr3805001adw,E:\EIS\ECAD\Replication_174\E\valor_site_replication.bat,VALOR_Admin,NO
wsfr3805001adw,E:\EIS\ECAD\Replication_174\E\valor_site_test_replication.bat,ADW_Admin,NO
wsfr3805001adw,E:\EIS\ECAD\Replication_174\E\valor_site_test_replication.bat,Uveerajrs,NO
wsfr3805001adw,E:\EIS\ECAD\Replication_174\E\valor_site_test_replication.bat,VALOR_Admin,NO
wsfr3832001adw,E:\EIS\ECAD\Replication_174\E\edm_conf_root_replication.bat,ADW_Admin,NO
wsfr3832001adw,E:\EIS\ECAD\Replication_174\E\edm_conf_root_replication.bat,VALOR_Admin,NO
wsfr3832001adw,E:\EIS\ECAD\Replication_174\E\edm_conf_test_replication.bat,ADW_Admin,NO
wsfr3832001adw,E:\EIS\ECAD\Replication_174\E\edm_conf_test_replication.bat,VALOR_Admin,NO
wsfr3832001adw,E:\EIS\ECAD\Replication_174\E\edm_install_replication.bat,ADW_Admin,NO
wsfr3832001adw,E:\EIS\ECAD\Replication_174\E\edm_install_replication.bat,VALOR_Admin,NO
wsfr3832001adw,E:\EIS\ECAD\Replication_174\E\edm_lib_replication.bat,ADW_Admin,NO
wsfr3832001adw,E:\EIS\ECAD\Replication_174\E\edm_lib_replication.bat,VALOR_Admin,NO
wsfr3832001adw,E:\EIS\ECAD\Replication_174\E\other_lib_replication.bat,ADW_Admin,NO
wsfr3832001adw,E:\EIS\ECAD\Replication_174\E\other_lib_replication.bat,VALOR_Admin,NO
wsfr3832001adw,E:\EIS\ECAD\Replication_174\E\valor_install_replication.bat,ADW_Admin,NO
wsfr3832001adw,E:\EIS\ECAD\Replication_174\E\valor_install_replication.bat,VALOR_Admin,NO
wsfr3832001adw,E:\EIS\ECAD\Replication_174\E\valor_site_replication.bat,ADW_Admin,NO
wsfr3832001adw,E:\EIS\ECAD\Replication_174\E\valor_site_replication.bat,VALOR_Admin,NO
wsfr3832001adw,E:\EIS\ECAD\Replication_174\E\valor_site_test_replication.bat,ADW_Admin,NO
wsfr3832001adw,E:\EIS\ECAD\Replication_174\E\valor_site_test_replication.bat,VALOR_Admin,NO
wsfr3832002adw,E:\EIS\ECAD\Replication_174\E\edm_conf_root_replication.bat,ADW_Admin,NO
wsfr3832002adw,E:\EIS\ECAD\Replication_174\E\edm_conf_root_replication.bat,VALOR_Admin,NO
wsfr3832002adw,E:\EIS\ECAD\Replication_174\E\edm_conf_test_replication.bat,ADW_Admin,NO
wsfr3832002adw,E:\EIS\ECAD\Replication_174\E\edm_conf_test_replication.bat,VALOR_Admin,NO
wsfr3832002adw,E:\EIS\ECAD\Replication_174\E\edm_install_replication.bat,ADW_Admin,NO
wsfr3832002adw,E:\EIS\ECAD\Replication_174\E\edm_install_replication.bat,VALOR_Admin,NO
wsfr3832002adw,E:\EIS\ECAD\Replication_174\E\edm_lib_replication.bat,ADW_Admin,NO
wsfr3832002adw,E:\EIS\ECAD\Replication_174\E\edm_lib_replication.bat,VALOR_Admin,NO
wsfr3832002adw,E:\EIS\ECAD\Replication_174\E\other_lib_replication.bat,ADW_Admin,NO
wsfr3832002adw,E:\EIS\ECAD\Replication_174\E\other_lib_replication.bat,VALOR_Admin,NO
wsfr3832002adw,E:\EIS\ECAD\Replication_174\E\valor_install_replication.bat,ADW_Admin,NO
wsfr3832002adw,E:\EIS\ECAD\Replication_174\E\valor_install_replication.bat,VALOR_Admin,NO
wsfr3832002adw,E:\EIS\ECAD\Replication_174\E\valor_site_replication.bat,ADW_Admin,NO
wsfr3832002adw,E:\EIS\ECAD\Replication_174\E\valor_site_replication.bat,VALOR_Admin,NO
wsfr3832002adw,E:\EIS\ECAD\Replication_174\E\valor_site_test_replication.bat,ADW_Admin,NO
wsfr3832002adw,E:\EIS\ECAD\Replication_174\E\valor_site_test_replication.bat,VALOR_Admin,NO
wsfr3832003adw,E:\EIS\ECAD\Replication_174\E\edm_conf_root_replication.bat,ADW_Admin,NO
wsfr3832003adw,E:\EIS\ECAD\Replication_174\E\edm_conf_root_replication.bat,VALOR_Admin,NO
wsfr3832003adw,E:\EIS\ECAD\Replication_174\E\edm_conf_test_replication.bat,ADW_Admin,NO
wsfr3832003adw,E:\EIS\ECAD\Replication_174\E\edm_conf_test_replication.bat,VALOR_Admin,NO
wsfr3832003adw,E:\EIS\ECAD\Replication_174\E\edm_install_replication.bat,ADW_Admin,NO
wsfr3832003adw,E:\EIS\ECAD\Replication_174\E\edm_install_replication.bat,VALOR_Admin,NO
wsfr3832003adw,E:\EIS\ECAD\Replication_174\E\edm_lib_replication.bat,ADW_Admin,NO
wsfr3832003adw,E:\EIS\ECAD\Replication_174\E\edm_lib_replication.bat,VALOR_Admin,NO
wsfr3832003adw,E:\EIS\ECAD\Replication_174\E\other_lib_replication.bat,ADW_Admin,NO
wsfr3832003adw,E:\EIS\ECAD\Replication_174\E\other_lib_replication.bat,VALOR_Admin,NO
wsfr3832003adw,E:\EIS\ECAD\Replication_174\E\valor_install_replication.bat,ADW_Admin,NO
wsfr3832003adw,E:\EIS\ECAD\Replication_174\E\valor_install_replication.bat,VALOR_Admin,NO
wsfr3832003adw,E:\EIS\ECAD\Replication_174\E\valor_site_replication.bat,ADW_Admin,NO
wsfr3832003adw,E:\EIS\ECAD\Replication_174\E\valor_site_replication.bat,VALOR_Admin,NO
wsfr3832003adw,E:\EIS\ECAD\Replication_174\E\valor_site_test_replication.bat,ADW_Admin,NO
wsfr3832003adw,E:\EIS\ECAD\Replication_174\E\valor_site_test_replication.bat,VALOR_Admin,NO
wshu00607,D:\Interface\SYM2SAP.exe,Symhony-Robot,NO
wshu00607,D:\Interface\StopSymphonyRobot.exe,Symhony-Robot,NO
wshu00607,D:\SymphonyRobot_ETO_1.4.1.0\Symphony_Interface.exe,Symhony-Robot,NO
wsru07741,D:\BOSS_exchange\ITRP_upload\scopysrv.bat,veerajSA483408,NO
wsru07741,D:\BOSS_exchange\ITRP_upload\scopysrv.bat,veerajSA501167,NO
wsru07741,D:\BOSS_exchange\ITRP_upload\scopysrv.bat,veerajSA626712,NO
wsru07741,D:\BOSS_exchange\Travel_module_aeroclub\bat\sftp_TravelModule.bat,IN00096K,NO
wsru07741,D:\BOSS_exchange\Travel_module_aeroclub\bat\sftp_TravelModule.bat,IN04742V,NO
wsru07741,D:\BOSS_exchange\Travel_module_aeroclub\bat\sftp_TravelModule.bat,veerajSA483408,NO
wsru07741,D:\BOSS_exchange\Travel_module_aeroclub\bat\sftp_TravelModule.bat,veerajSA501167,NO
wsru07741,D:\BOSS_exchange\Travel_module_aeroclub\bat\sftp_TravelModule.bat,veerajSA626712,NO
wsru07741,D:\BOSS_exchange\Travel_module_aeroclub\bat\sftp_tst.bat,veerajSA483408,NO
wsru07741,D:\BOSS_exchange\Travel_module_aeroclub\bat\sftp_tst.bat,veerajSA501167,NO
wsru07741,D:\BOSS_exchange\Travel_module_aeroclub\bat\sftp_tst.bat,veerajSA626712,NO
pcewrsoftfs01,E:\ReadSoft\FTP\OC_FTP\VMD\BeNeDeCh\ImportSAPextracts.bat,Everyone,NO
pcewrsoftfs01,E:\ReadSoft\FTP\OC_FTP\VMD\BeNeDeCh\ImportSAPextracts.bat,FTPUveerajrs,NO
pcewrsoftfs01,E:\ReadSoft\FTP\Saudi_Arabia\OC_FTPtransfer.cmd,Everyone,NO
pcewrsoftfs01,E:\ReadSoft\FTP\Saudi_Arabia\OC_FTPtransfer.cmd,FTPUveerajrs,NO
pcewrsoftfs01,E:\ReadSoft\FTP\ftp_readsoft.bat,Everyone,NO
pcewrsoftfs01,E:\ReadSoft\FTP\ftp_readsoft.bat,FTPUveerajrs,NO
pcewrsoftfs01,E:\ReadSoft\KPI_RSO\RSO_Export_image_link\Run_KPI.bat,Everyone,NO
pcewrsoftfs01,E:\ReadSoft\KPI_RSO\RSO_Export_image_link\Run_KPI.bat,FTPUveerajrs,NO
pcewrsoftfs01,E:\ReadSoft\KPI_Report2\Run_KPI.bat,Everyone,NO
pcewrsoftfs01,E:\ReadSoft\KPI_Report2\Run_KPI.bat,FTPUveerajrs,NO
pcewrsoftfs01,E:\ReadSoft\KPI_Report\Run_KPI.bat,Everyone,NO
pcewrsoftfs01,E:\ReadSoft\KPI_Report\Run_KPI.bat,FTPUveerajrs,NO
pcewrsoftfs01,E:\ReadSoft\MasterDataImport\UK_IE_MDImport\ftp_readsoft_UPR.bat,Everyone,NO
pcewrsoftfs01,E:\ReadSoft\MasterDataImport\UK_IE_MDImport\ftp_readsoft_UPR.bat,FTPUveerajrs,NO
pcewrsoftfs01,E:\ReadSoft\OC\_Maintenance\CleanReadsoftFolder\CleanInvoicesFolders.bat,Everyone,NO
pcewrsoftfs01,E:\ReadSoft\OC\_Maintenance\CleanReadsoftFolder\CleanInvoicesFolders.bat,FTPUveerajrs,NO
pcewrsoftfs01,E:\ReadSoft\Reporting\Batches\ImportSAPextracts.bat,Everyone,NO
pcewrsoftfs01,E:\ReadSoft\Reporting\Batches\ImportSAPextracts.bat,FTPUveerajrs,NO
pfrwflm10,D:\ALMA\Run\OptionFileProcessing_EXE.exe,AuthenticatedUveerajrs,NO
pfrwflm10,D:\LicenveerajMgt\FlexLM\Vendor\Solidworks\solidworks_launch.bat,AuthenticatedUveerajrs,NO
pfrwitc7,D:\iTAC.MES.Suite\appveerajrver\bin\asadmin.bat,AuthenticatedUveerajrs,NO
pfrwitc8,D:\iTAC.MES.Suite\appveerajrver\bin\asadmin.bat,AuthenticatedUveerajrs,NO
qcewrsoftfs01,E:\ReadSoft\KPI_RSO\RSO_Export_image_link\Run_KPI.bat,AuthenticatedUveerajrs,NO
qcewrsoftfs01,E:\ReadSoft\KPI_RSO\RSO_Export_image_link\Run_KPI.bat,Transfer_PI,NO
qfrwflm10,D:\ALMA\Run\OptionFileProcessing_EXE.exe,AuthenticatedUveerajrs,NO
qfrwitc6,D:\iTAC.MES.Suite\appveerajrver\bin\asadmin.bat,AuthenticatedUveerajrs,NO
wadfr401p03sbo,D:\DTW-MOH\T1_SAP_NET\Import pour T2.bat,ADM459899,NO
veeraj40101isd,D:\Cyber-Ark\CPM-veeraj1-001\veeraj Manager\deletefiles.exe,AuthenticatedUveerajrs,NO
wsat00261,E:\awstats\update.cmd,AuthenticatedUveerajrs,NO
wafre4zd01pso,E:\veeraj\scriptingpath\RCO\test_task_scheduler_2.cmd,OPUSPF_Uveerajrs,NO
wafre4zd01pso,E:\veeraj\scriptingpath\RCO\test_task_scheduler_2.cmd,Uveerajrs,NO
wafre4zd01pso,E:\veeraj\scriptingpath\RCO\test_task_scheduler_3.cmd,OPUSPF_Uveerajrs,NO
wafre4zd01pso,E:\veeraj\scriptingpath\RCO\test_task_scheduler_3.cmd,Uveerajrs,NO
wafre4zd01pso,E:\veeraj\scriptingpath\RCO\test_task_scheduler_4.cmd,OPUSPF_Uveerajrs,NO
wafre4zd01pso,E:\veeraj\scriptingpath\RCO\test_task_scheduler_4.cmd,Uveerajrs,NO
wafre4zd01pso,E:\veeraj\scriptingpath\RCO\test_task_scheduler_5.cmd,OPUSPF_Uveerajrs,NO
wafre4zd01pso,E:\veeraj\scriptingpath\RCO\test_task_scheduler_5.cmd,Uveerajrs,NO
arspveerajpbcn01,E:\ReadSoft\INVOICES\Mantenimiento\MantBBDD.bat,AuthenticatedUveerajrs,NO
arspveerajpbcn01,E:\ReadSoft\INVOICES\Mantenimiento\MantBBDD.bat,AuthenticatedUveerajrs,NO
arspveerajpbcn01,E:\ReadSoft\INVOICES\Mantenimiento\MantBBDD.bat,ES-SG-APPL-ReadSoft_Pedidos,NO
arspveerajpbcn01,E:\ReadSoft\INVOICES\Mantenimiento\MantBBDD.bat,ES-SG-APPL-ReadSoft_Pedidos,NO
pcewbrt01,D:\BirstOrchestration\Spaces\Pricing_Intelligence\Production_Shadow\LoadAndProcess.py,veeraj-SL-DATA-PCEWBRT01-BirstOrchestration-RW,NO
pcewbrt01,D:\BirstOrchestration\Spaces\UT\Usage_Tracking\LoadAndProcess.py,veeraj-SL-DATA-PCEWBRT01-BirstOrchestration-RW,NO
pfrwgho1,D:\Apache Software Foundation\Gedveerajrvice\Gedveerajrvice.bat,veerajSA14181,NO
pfrwhcp1,D:\Shared\ImportOrders\importOF.cmd,Uveerajrs,NO
pfrwpmk2,D:\Mark\promark\Bat\Back-up.cmd,veeraj-SG-PROMARK-DK,NO
pfrwpmk2,D:\Mark\promark\Bat\Back-up.cmd,Everyone,NO
qcewbrt01,D:\BirstOrchestration\Spaces\PI_BC\PI_BC_-_Exasol_Workstream_A_UAT_and_LQT_Shadow\Tasks\000_PI_full_load.bat,veeraj-SG-TEAM-EBI-RW-PI,NO
qcewbrt01,D:\BirstOrchestration\Spaces\PI_BC\PI_BC_-_Exasol_Workstream_A_UAT_and_LQT_Shadow\Tasks\000_PI_full_load.bat,veeraj-SG-TEAM-EBI-RW-PIDF,NO
qcewbrt01,D:\BirstOrchestration\Spaces\PI_BC\PI_BC_-_Exasol_Workstream_A_UAT_and_LQT_Shadow\Tasks\000_PI_incremental_load.bat,veeraj-SG-TEAM-EBI-RW-PI,NO
qcewbrt01,D:\BirstOrchestration\Spaces\PI_BC\PI_BC_-_Exasol_Workstream_A_UAT_and_LQT_Shadow\Tasks\000_PI_incremental_load.bat,veeraj-SG-TEAM-EBI-RW-PIDF,NO
qcewbrt01,D:\BirstOrchestration\Spaces\PI_Data_Factory\Data_Freshness_DEV\Tasks\000_PI_Data_Freshness_Task.bat,veeraj-SG-TEAM-EBI-RW-PIDF,NO
qcewbrt01,D:\BirstOrchestration\Spaces\PI_Data_Factory\PricingIntel_DataFactory_SAPBridge_AR_CL_DEV\Tasks\run_historic_load_ARCL.bat,veeraj-SG-TEAM-EBI-RW-PIDF,NO
qcewbrt01,D:\BirstOrchestration\Spaces\SGV\SGV_Dev_Shadow\LoadAndProcess.py,veeraj-SG-TEAM-EBI-RW-SGV,NO
qcewbrt01,D:\BirstOrchestration\Spaces\SGV\SGV_UAT_Shadow\LoadAndProcess.py,veeraj-SG-TEAM-EBI-RW-SGV,NO
qcewbrt01,D:\BirstOrchestration\Spaces\UT\Usage_Tracking_Pricing_Intel\LoadAndProcess.py,veeraj-SG-TEAM-EBI-RW-UT,NO
waessageapp,C:\Program Files (x86)\XRT\BCP\Procesos\reinicia.bat,XRTUveerajrs,NO
veeraj400sps010,C:\Uveerajrs\veerajSA636294\AppData\Local\Google\Update\GoogleUpdate.exe,veerajSA636294,NO
veeraj400sps010,C:\Uveerajrs\veerajSA636294\AppData\Local\Google\Update\GoogleUpdate.exe,veerajSA636294,NO
veeraj40101dceg1,D:\_ManufacturingPMI_\Outils\ExtValStock.cmd,veerajSA224263,NO
veeraj40101dceg1,D:\_ManufacturingPMI_\Outils\LancementOF.cmd,veerajSA224263,NO
veeraj40101dceg1,D:\_ManufacturingPMI_\Outils\MAJ_Cumul.cmd,veerajSA224263,NO
veeraj40101dceg1,D:\_ManufacturingPMI_\Outils\RestartPmi_Alerte.cmd,veerajSA224263,NO
veeraj40101dceg1,D:\_SaveMySQL_\mysqlsav.bat,veerajSA224263,NO
veerajorctst,C:\SQL\veerajrvice_restart.bat,GG_MSSQL_Adm,NO
pfrwccv15,C:\Windows\System32\WindowsPowerShell\v1.0\powershell.exe,Administrator,NO
pfrwccv15,C:\Windows\System32\powercfg.exe,Administrator,NO
pfrwccv15,C:\Windows\system32\rundll32.exe,Administrator,NO
pfrwccv15,C:\Windows\system32\rundll32.exe,Administrator,NO
pfrwccv15,C:\Windows\system32\rundll32.exe,Administrator,NO
pfrwccv15,C:\Windows\system32\rundll32.exe,Administrator,NO
pfrwccv15,C:\Windows\system32\rundll32.exe,Administrator,NO
pfrwccv15,C:\Windows\system32\rundll32.exe,Administrator,NO
pfrwccv15,C:\Windows\system32\sc.exe,Administrator,NO
pfrwccv15,C:\Windows\system32\wermgr.exe,Administrator,NO
pfrwccv15,C:\windows\system32\cmd.exe,Administrator,NO
pfrwccv15,D:\Tools\Batch\restart_post_unlockVobs.bat,fr087-ca,NO
pfrwccv15,D:\Tools\Batch\restart_pre_lockVobs.bat,fr087-ca,NO
pfrwccv15,D:\Tools\Monitoring\checkvob.bat,fr087-ca,NO
pfrwccv15,D:\Tools\Monitoring\dbcheck.bat,fr087-ca,NO
pfrwccv16,D:\Tools\Batch\reboot.cmd,ADM219774,NO
pfrwccv16,D:\Tools\Batch\reboot.cmd,ADM512803,NO
pfrwccv16,D:\Tools\Batch\reboot.cmd,FR087-va,NO
pfrwccv16,D:\Tools\Batch\reboot.cmd,fr087-ca,NO
pfrwccv16,D:\Tools\Batch\restart_post_unlockVobs.bat,ADM219774,NO
pfrwccv16,D:\Tools\Batch\restart_post_unlockVobs.bat,ADM512803,NO
pfrwccv16,D:\Tools\Batch\restart_post_unlockVobs.bat,FR087-va,NO
pfrwccv16,D:\Tools\Batch\restart_post_unlockVobs.bat,fr087-ca,NO
pfrwccv16,D:\Tools\Batch\restart_pre_lockVobs.bat,ADM219774,NO
pfrwccv16,D:\Tools\Batch\restart_pre_lockVobs.bat,ADM512803,NO
pfrwccv16,D:\Tools\Batch\restart_pre_lockVobs.bat,FR087-va,NO
pfrwccv16,D:\Tools\Batch\restart_pre_lockVobs.bat,fr087-ca,NO
pfrwccv16,D:\Tools\Monitoring\checkvob.bat,ADM219774,NO
pfrwccv16,D:\Tools\Monitoring\checkvob.bat,ADM512803,NO
pfrwccv16,D:\Tools\Monitoring\checkvob.bat,FR087-va,NO
pfrwccv16,D:\Tools\Monitoring\checkvob.bat,fr087-ca,NO
pfrwccv16,D:\Tools\Monitoring\dbcheck.bat,ADM219774,NO
pfrwccv16,D:\Tools\Monitoring\dbcheck.bat,ADM512803,NO
pfrwccv16,D:\Tools\Monitoring\dbcheck.bat,FR087-va,NO
pfrwccv16,D:\Tools\Monitoring\dbcheck.bat,fr087-ca,NO
pfrwcpr22,C:\Uveerajrs\cyilmaz\AppData\Local\Google\Update\GoogleUpdate.exe,veerajSA83392,NO
pfrwcpr22,C:\Uveerajrs\cyilmaz\AppData\Local\Google\Update\GoogleUpdate.exe,veerajSA83392,NO
pfrwktp22,C:\PerfLogs\transfert.cmd,AuthenticatedUveerajrs,NO
pfrwktp22,C:\Perflogs\perf_start.cmd,AuthenticatedUveerajrs,NO
pfrwmes1,D:\SAP\PURGE.bat,AuthenticatedUveerajrs,NO
pfrwmes1,D:\SAP\PURGE.bat,veerajSA124256,NO
pfrwsps1,C:\PerfLogs\transfert.cmd,Everyone,NO
pfrwsps1,C:\Perflogs\perf_start.cmd,Everyone,NO
pfrwvja1,C:\PerfLogs\transfert.cmd,AuthenticatedUveerajrs,NO
pfrwvja1,C:\Perflogs\perf_start.cmd,AuthenticatedUveerajrs,NO
pitwdco01,C:\Uveerajrs\administrator.OVA_NT\Desktop\Script\Cancella_Doc.bat,Administrator,NO
pitwdco01,C:\Uveerajrs\administrator.OVA_NT\Desktop\Script\Copia_Doc.bat,Administrator,NO
pitwdco01,C:\Uveerajrs\administrator.OVA_NT\Desktop\Script\meteo.bat,Administrator,NO
qfrwrita2,C:\PerfLogs\transfert.cmd,AuthenticatedUveerajrs,NO
qfrwrita2,c:\perflogs\Sch_perf.bat,AuthenticatedUveerajrs,NO
veerajrvde28,C:\Windows\System32\powercfg.exe,veerajsaveeraj,NO
veerajrvde28,C:\Windows\system32\rundll32.exe,veerajsaveeraj,NO
veerajrvde28,C:\Windows\system32\rundll32.exe,veerajsaveeraj,NO
veerajrvde28,C:\Windows\system32\rundll32.exe,veerajsaveeraj,NO
veerajrvde28,C:\Windows\system32\rundll32.exe,veerajsaveeraj,NO
veerajrvde28,C:\Windows\system32\sc.exe,veerajsaveeraj,NO
veerajrvde28,C:\windows\system32\cmd.exe,veerajsaveeraj,NO
sunipd051,C:\_\check_hd_free_space\check_hd_free_space.bat,AuthenticatedUveerajrs,NO
sunipd051,E:\scripts\rman_ORASRV.bat,veeraj_Oracle,NO
sunipd051,E:\scripts\rman_ORASRV.bat,veeraj_Oracle,NO
sunipd051,E:\scripts\rman_ORASRV_ARCHIVE.bat,veeraj_Oracle,NO
sunipd051,E:\scripts\rman_ORASRV_ARCHIVE.bat,veeraj_Oracle,NO
sunipd051,E:\scripts\rman_ORASRV_ARCHIVE.bat,veeraj_Oracle,NO
sunipd051,E:\scripts\rman_ORATST.bat,veeraj_Oracle,NO
sunipd051,Y:\oracle\backup\ORASRV\export\runExp_full.bat,local.Administrator,NO
sunipd051,Y:\oracle\backup\ORATST\export\runExp_full.bat,local.Administrator,NO
sunipd051,Y:\oracle\jobs\ORASRV\runStats.bat,local.Administrator,NO
sunipd051,Y:\oracle\jobs\ORATST\runStats.bat,local.Administrator,NO
sunipd062,C:\_\check_hd_free_space\check_hd_free_space.bat,AuthenticatedUveerajrs,NO
sunipd062,Z:\prg_esterni\UninetProd\Interf_UNINET\task_MailLogUninet.bat,local.administrator,NO
sunipd062,Z:\prg_esterni\UninetProd\Interf_UNINET\task_anagraf_prod.bat,local.administrator,NO
sunipd062,Z:\prg_esterni\UninetProd\Interf_UNINET\task_ordini.bat,local.administrator,NO
sunipd062,Z:\prg_esterni\UninetProd\Interf_UNINET\task_ordini_acq.bat,local.administrator,NO
sunipd062,Z:\prg_esterni\UninetProd\Interf_UNINET\task_s_par_DP.bat,local.administrator,NO
sunipd062,Z:\prg_esterni\UninetProd\Interf_UNINET\task_trascodifica_agenti.bat,local.administrator,NO
sunipd065,C:\Applicativi\FTCaricaRefrigerante\EliminaFileLog.bat,Uveerajrs,NO
sunipd065,C:\Applicativi\MicrolineTestElettrico\EliminaFileLog.bat,Uveerajrs,NO
sunipd065,C:\Applicativi\ScanviewArchiviazioneDoc\EliminaFileLog.bat,Uveerajrs,NO
sunipd065,C:\Applicativi\ScanviewArchiviazioneDoc\start_veerajrvice.bat,Uveerajrs,NO
sunipd065,C:\Applicativi\Scheduled_Script\RestartApplicativi.bat,Uveerajrs,NO
vamp-iscala3,E:\SCS\CONCUR\CMD\Concur_FTP_IN.cmd,veerajSA160007,NO
vamp-iscala3,E:\SCS\CONCUR\CMD\Concur_FTP_IN.cmd,veerajSA160015,NO
vamp-iscala3,E:\SCS\CONCUR\CMD\Concur_FTP_IN.cmd,veerajSA244220,NO
vamp-iscala3,E:\SCS\CONCUR\CMD\Concur_FTP_IN.cmd,veerajSA278282,NO
cafactoryprd,C:\PerfLogs\perf_start.cmd,Administrator,NO
cafactoryprd,C:\PerfLogs\transfert.cmd,Administrator,NO
pdewper1,C:\PerfLogs\perf_start.cmd,Administrator,NO
pdewper1,C:\PerfLogs\transfert.cmd,Administrator,NO
pdewsvn1,C:\PerfLogs\perf_start.cmd,Administrator,NO
pdewsvn1,C:\PerfLogs\transfert.cmd,Administrator,NO
pfrwarg10,C:\PerfLogs\perf_start.cmd,Administrator,NO
pfrwarg10,C:\PerfLogs\transfert.cmd,Administrator,NO
pfrwarg10,D:\SQL\SQLveerajrvices_restart.bat,GG_MSSQL_Adm,NO
pfrwbck36,C:\PerfLogs\perf_start.cmd,Administrator,NO
pfrwbck36,C:\PerfLogs\transfert.cmd,Administrator,NO
pfrwcao2,C:\PerfLogs\perf_start.cmd,Administrator,NO
pfrwcao2,C:\PerfLogs\transfert.cmd,Administrator,NO
pfrwcao2,D:\veeraj\AutodeskVault\Maintenance\Backup.bat,veerajSA41516,NO
pfrwcao2,D:\veeraj\AutodeskVault\Maintenance\Defragment.bat,veerajSA41516,NO
pfrwcao2,D:\veeraj\AutodeskVault\Maintenance\Purge.bat,veerajSA41516,NO
pfrwdu03,C:\PerfLogs\perf_start.cmd,Administrator,NO
pfrwdu03,D:\Ftp\XI\RCV\DeleteFTP6MonthsOld.bat,Uveerajrs,NO
pfrwdu03,D:\Ftp\XI\RCV\DeleteFTP6MonthsOld.bat,ftpnae,NO
pfrwdu03,D:\Ftp\XI\RCV\DeleteFTP6MonthsOld.bat,naeuveerajr,NO
pfrwext01,C:\PerfLogs\perf_start.cmd,Administrator,NO
pfrwext01,C:\PerfLogs\transfert.cmd,Administrator,NO
pfrwlkw04,C:\PerfLogs\perf_start.cmd,Administrator,NO
pfrwlkw04,C:\PerfLogs\transfert.cmd,Administrator,NO
pfrwnew01,C:\PerfLogs\perf_start.cmd,Administrator,NO
pfrwnew01,C:\PerfLogs\transfert.cmd,Administrator,NO
pfrwnew01,C:\WorkspaceMES\maintenance\mes_purge_log_files.bat,AuthenticatedUveerajrs,NO
pfrwnew01,D:\tools\ETL\Idoc_clean_procesveerajd_0.1\Idoc_clean_procesveerajd\Idoc_clean_procesveerajd_run.bat,NETWORKveerajRVICE,NO
pfrwnew01,D:\tools\ETL\stfp_idoc_calc_0.1\stfp_idoc_calc\stfp_idoc_calc_run.bat,NETWORKveerajRVICE,NO
pfrwqua2,C:\PROGRA~2\SCHNEI~1\ECOSTR~1\Nginx\nginx\logs\nginx_log_rotate.bat,Everyone,NO
pfrwqua2,C:\PROGRA~2\SCHNEI~1\ECOSTR~1\Nginx\nginx\logs\nginx_log_rotate.bat,Uveerajrs,NO
pfrwrcb1,C:\PerfLogs\perf_start.cmd,Administrator,NO
pfrwrcb1,C:\PerfLogs\transfert.cmd,Administrator,NO
pfrwsci1,C:\PerfLogs\perf_start.cmd,Administrator,NO
pfrwsci1,C:\PerfLogs\transfert.cmd,Administrator,NO
pfrwsci1,C:\Temp\ImportChargeJour.bat,sciforma,NO
pfrwsci1,C:\Temp\OuvertureHQ.bat,sciforma,NO
pfrwsci1,C:\Temp\abveerajnce.bat,sciforma,NO
pfrwsci1,C:\Temp\statut.bat,sciforma,NO
pfrwsci1,C:\cmdb\syncdata.cmd,DomainUveerajrs,NO
pfrwsci1,c:\cmdb\syncdata.cmd,DomainUveerajrs,NO
pfrwusj02,D:\backup\backup_schedule_task.bat,veerajSA29646,NO
pfrwusj02,D:\backup\backup_schedule_task.bat,Uveerajrs,NO
pfrwusj02,D:\backup\prodat\prodat.bat,veerajSA29646,NO
pfrwusj02,D:\backup\prodat\prodat.bat,Uveerajrs,NO
pitwind01,C:\PerfLogs\perf_start.cmd,Administrator,NO
pitwind02,C:\PerfLogs\perf_start.cmd,Administrator,NO
pitwsto011,C:\PerfLogs\perf_start.cmd,Administrator,NO
pitwsto011,D:\StockSys\BackupTrasferimenti\BackupTrasferimenti.bat,AuthenticatedUveerajrs,NO
pitwsto011,D:\StockSys\BackupTrasferimenti\BackupTrasferimenti.bat,veerajSA59775,NO
pitwsto011,D:\StockSys\BackupTrasferimenti\BackupTrasferimenti.bat,Uveerajrs,NO
pitwsto011,D:\StockSys\IdocExchanger_MT.bat,AuthenticatedUveerajrs,NO
pitwsto011,D:\StockSys\IdocExchanger_MT.bat,veerajSA59775,NO
pitwsto011,D:\StockSys\IdocExchanger_MT.bat,Uveerajrs,NO
pitwsto011,D:\StockSys\IdocExchanger_SS.bat,AuthenticatedUveerajrs,NO
pitwsto011,D:\StockSys\IdocExchanger_SS.bat,veerajSA59775,NO
pitwsto011,D:\StockSys\IdocExchanger_SS.bat,Uveerajrs,NO
pitwsto011,D:\sapint-veerajs\sap_ssys-veerajs_tran.cmd,veerajSA16392,NO
pitwsto011,D:\sapint-veerajs\sap_ssys-veerajs_tran.cmd,veerajSA59775,NO
pitwsto011,D:\sapint-veerajs\ssys-veerajs_sap_tran.cmd,veerajSA16392,NO
pitwsto011,D:\sapint-veerajs\ssys-veerajs_sap_tran.cmd,veerajSA59775,NO
pitwsto011,D:\sapint-stz\sap_ssys-stz_tran.cmd,veerajSA59775,NO
pitwsto011,D:\sapint-stz\ssys-stz_sap_tran.cmd,veerajSA59775,NO
pitwsto012,C:\PerfLogs\perf_start.cmd,Administrator,NO
pitwsto13,C:\PerfLogs\perf_start.cmd,Administrator,NO
pitwsto13,C:\PerfLogs\transfert.cmd,Administrator,NO
pitwsto13,D:\StockSys\BackupTrasferimenti\BackupTrasferimenti.bat,IT001-Replica,NO
pitwsto13,D:\StockSys\IdocExchanger.bat,IT001-Replica,NO
pitwsto14,C:\PerfLogs\perf_start.cmd,Administrator,NO
pitwsto14,C:\PerfLogs\transfert.cmd,Administrator,NO
pnlwcon1,C:\PerfLogs\perf_start.cmd,Administrator,NO
pnlwcon1,C:\PerfLogs\transfert.cmd,Administrator,NO
pnlwcon2,C:\PerfLogs\perf_start.cmd,Administrator,NO
pnlwcon2,C:\PerfLogs\transfert.cmd,Administrator,NO
pnlwwcs01,C:\PerfLogs\perf_start.cmd,Administrator,NO
pnlwwcs01,C:\PerfLogs\transfert.cmd,Administrator,NO
pnlwwcs01,D:\scripts\rman_backup.pl,oracle,NO
pnlwwcs01,D:\scripts\rman_backup.pl,oracle,NO
pveerajw001070,C:\PerfLogs\perf_start.cmd,Administrator,NO
pveerajw001070,C:\PerfLogs\transfert.cmd,Administrator,NO
pveerajw00203,C:\Daladatorer\CopyExport.bat,consult-203,NO
pveerajw00203,E:\Import\Scripts\GET-DWupdates.vbs,Administrator,NO
pveerajwsxw01,C:\PerfLogs\perf_start.cmd,Administrator,NO
pveerajwsxw01,C:\PerfLogs\transfert.cmd,Administrator,NO
pveeraj40102pt,E:\EDICOM\ASPEDI\enviar_a_ediwin_asp.bat,adminptl,NO
pveeraj40102pt,E:\EDICOM\ASPEDI\recibir_de_ediwin_asp.bat,adminptl,NO
qfrwcao2,C:\PerfLogs\perf_start.cmd,Administrator,NO
qfrwcao2,C:\PerfLogs\transfert.cmd,Administrator,NO
qfrwdu03,C:\PerfLogs\perf_start.cmd,ADM43594,NO
qfrwdu03,C:\PerfLogs\perf_start.cmd,Administrator,NO
qfrwdu03,C:\PerfLogs\transfert.cmd,ADM43594,NO
qfrwdu03,C:\PerfLogs\transfert.cmd,Administrator,NO
qfrwdu03,D:\Data\Conex\DELTApassDB_Tests\DelLockFiles.bat,ADM89748,NO
qfrwdu03,D:\Data\Conex\DELTApassDB_Tests\DelLockFiles.bat,veeraj-SG-CONEX_PPROD_UveerajR,NO
qfrwdu03,D:\Data\Conex\DELTApassDB_Tests\DelLockFiles.bat,veeraj-SG-TEAM-WorkplaceTeamFileandShare,NO
qfrwdu03,D:\Data\Conex\DELTApassDB_Tests\DelLockFiles.bat,ftpnae,NO
qfrwdu03,D:\Ftp\XI\RCV\DeleteFTP4MonthsOld.bat,AuthenticatedUveerajrs,NO
qfrwdu03,D:\Ftp\XI\RCV\DeleteFTP4MonthsOld.bat,veeraj-SG-TEAM-WorkplaceTeamFileandShare,NO
qfrwdu03,D:\Ftp\XI\RCV\DeleteFTP4MonthsOld.bat,IUSR,NO
qfrwdu03,D:\Ftp\XI\RCV\DeleteFTP4MonthsOld.bat,Uveerajrs,NO
qfrwdu03,D:\Ftp\XI\RCV\DeleteFTP4MonthsOld.bat,ftpnae,NO
qfrwdu03,D:\Ftp\XI\RCV\script\test.cmd,AuthenticatedUveerajrs,NO
qfrwdu03,D:\Ftp\XI\RCV\script\test.cmd,veeraj-SG-TEAM-WorkplaceTeamFileandShare,NO
qfrwdu03,D:\Ftp\XI\RCV\script\test.cmd,IUSR,NO
qfrwdu03,D:\Ftp\XI\RCV\script\test.cmd,Uveerajrs,NO
qfrwdu03,D:\Ftp\XI\RCV\script\test.cmd,ftpnae,NO
qfrwdu03,D:\temp\FTPSVC_Check.bat,ftpnae,NO
qfrwopt02,C:\PerfLogs\perf_start.cmd,Administrator,NO
qfrwopt02,C:\PerfLogs\transfert.cmd,Administrator,NO
qitwsto13,C:\PerfLogs\perf_start.cmd,Administrator,NO
qitwsto14,C:\PerfLogs\perf_start.cmd,Administrator,NO
qnlwwcs01,C:\PerfLogs\perf_start.cmd,Administrator,NO
qnlwwcs01,C:\PerfLogs\transfert.cmd,Administrator,NO
waat00121,D:\Backup\DatabaveerajBackup.cmd,AT-SA-newmagic,NO
waat00121,D:\Importer\import.cmd,AT-SA-newmagic,NO
waat00121,D:\SAP_Export_NotShared\runme.bat,Uveerajrs,NO
wabg00102,C:\CMD\del-Quaratn.cmd,Admin,NO
wabg00102,C:\CMD\del_log.cmd,Administrator,NO
wahu00202,C:\PROGRA~2\SCHNEI~2\ECOSTR~1\Nginx\nginx\logs\nginx_log_rotate.bat,Everyone,NO
wahu00202,C:\PROGRA~2\SCHNEI~2\ECOSTR~1\Nginx\nginx\logs\nginx_log_rotate.bat,Uveerajrs,NO
pveerajwnav7,C:\PerfLogs\perf_start.cmd,Administrator,NO
pveerajwnav7,C:\PerfLogs\transfert.cmd,Administrator,NO
wsfr000001sql,V:\E3.veerajries.Data\GDB\GdbStatLicences.bat,FR053-SL-APPL-E3_Admin_C,NO
wsfr000001sql,V:\E3.veerajries.Data\GDB\GdbStatLicences.bat,veerajSA161427,NO
wsfr000001sql,V:\E3.veerajries.Data\GDB\GdbStatLicences.bat,Uveerajrs,NO
wsfr000001sql,V:\E3.veerajries.Data\GDB\lmutil.cmd,FR053-SL-APPL-E3_Admin_C,NO
wsfr000001sql,V:\E3.veerajries.Data\GDB\lmutil.cmd,veerajSA161427,NO
wsfr000001sql,V:\E3.veerajries.Data\GDB\lmutil.cmd,Uveerajrs,NO
veeraj40122jmpveeraj,C:\Uveerajrs\veerajSA366196\AppData\Local\Programs\Lenovo\Lenovo veerajrvice Bridge\LSBUpdater.exe,ADM366196,NO
veeraj40122jmpveeraj,C:\Uveerajrs\veerajSA366196\AppData\Local\Programs\Lenovo\Lenovo veerajrvice Bridge\LSBUpdater.exe,ADM389743,NO
veeraj40122jmpveeraj,C:\Uveerajrs\veerajSA366196\AppData\Local\Programs\Lenovo\Lenovo veerajrvice Bridge\LSBUpdater.exe,ADM432980,NO
veeraj40122jmpveeraj,C:\Uveerajrs\veerajSA366196\AppData\Local\Programs\Lenovo\Lenovo veerajrvice Bridge\LSBUpdater.exe,veerajSA366196,NO
pitwept01,E:\FTP\cancello_file_vecchi_in_dati_sabi.bat,UveerajRS,NO
pitwept01,E:\SwCollaudi\InvioMatricoleProdotte\InvioMatricole.exe,SHARE,NO
pitwept01,E:\SwCollaudi\InvioMatricoleProdotte\InvioMatricole.exe,UveerajRS,NO
pitwept01,E:\SwCollaudi\QueryExec\QueryExec.exe,SHARE,NO
pitwept01,E:\SwCollaudi\QueryExec\QueryExec.exe,SHARE,NO
pitwept01,E:\SwCollaudi\QueryExec\QueryExec.exe,SHARE,NO
pitwept01,E:\SwCollaudi\QueryExec\QueryExec.exe,SHARE,NO
pitwept01,E:\SwCollaudi\QueryExec\QueryExec.exe,UveerajRS,NO
pitwept01,E:\SwCollaudi\QueryExec\QueryExec.exe,UveerajRS,NO
pitwept01,E:\SwCollaudi\QueryExec\QueryExec.exe,UveerajRS,NO
pitwept01,E:\SwCollaudi\QueryExec\QueryExec.exe,UveerajRS,NO
pitwept01,E:\SwCollaudi\SW13_trasferimento_FTP\Sw13_trasferimento_ftp.exe,SHARE,NO
pitwept01,E:\SwCollaudi\SW13_trasferimento_FTP\Sw13_trasferimento_ftp.exe,UveerajRS,NO
pitwept01,E:\SwCollaudi\Sw2_Verbali\SW2_Verbali.exe,SHARE,NO
pitwept01,E:\SwCollaudi\Sw2_Verbali\SW2_Verbali.exe,UveerajRS,NO
pitwept01,E:\SwCollaudi\SynchronizeDB\SyncDB\Script\StartSyncDBveerajrvice.cmd,SHARE,NO
pitwept01,E:\SwCollaudi\SynchronizeDB\SyncDB\Script\StartSyncDBveerajrvice.cmd,UveerajRS,NO
pitwept01,E:\SwCollaudi\SynchronizeDB\SyncDB\Script\StopSyncDBveerajrvice.cmd,SHARE,NO
pitwept01,E:\SwCollaudi\SynchronizeDB\SyncDB\Script\StopSyncDBveerajrvice.cmd,UveerajRS,NO
pitwept01,E:\SwCostruzione\DataBaveerajMD\DBMDCon\DataBaveerajMDCon.exe,SHARE,NO
pitwept01,E:\SwCostruzione\DataBaveerajMD\DBMDCon\DataBaveerajMDCon.exe,UveerajRS,NO
pitwept01,E:\SwCostruzione\SynchronizeDB\SyncDB\Script\StartSyncDBveerajrvice.cmd,SHARE,NO
pitwept01,E:\SwCostruzione\SynchronizeDB\SyncDB\Script\StartSyncDBveerajrvice.cmd,UveerajRS,NO
pitwept01,E:\SwCostruzione\SynchronizeDB\SyncDB\Script\StopSyncDBveerajrvice.cmd,SHARE,NO
pitwept01,E:\SwCostruzione\SynchronizeDB\SyncDB\Script\StopSyncDBveerajrvice.cmd,UveerajRS,NO
pitwept01,E:\var\Batch\AggiornaFileReport.cmd,UveerajRS,NO
pitwept01,E:\var\Batch\AllDB_Azioni5Minuti.cmd,UveerajRS,NO
pitwept01,E:\var\Batch\AllDB_BackupMensile.cmd,UveerajRS,NO
pitwept01,E:\var\Batch\AllDB_HouveerajKeeping.cmd,UveerajRS,NO
